Ticker,Date,Strategy,EntryPrice,MarketRegime,Ret5d,SpyRet5d,BeatSpy5d,Ret10d,SpyRet10d,BeatSpy10d,Ret20d,SpyRet20d,BeatSpy20d
A,2026-01-29,box_bottom,133.27,bull,-2.72,-2.37,false,-6.30,-1.84,false,-8.92,-1.16,false
AAPL,2026-01-13,box_bottom,261.05,bull,-5.13,-1.21,false,-1.77,0.24,false,5.54,-0.26,true
AAPL,2026-01-21,box_bottom,247.65,bull,3.55,1.46,true,11.65,0.12,true,5.22,-0.13,true
AAPL,2026-01-22,box_bottom,248.35,bull,4.00,0.73,true,11.10,-1.65,true,6.54,0.07,true
AAPL,2026-01-23,box_bottom,248.04,bull,4.61,0.40,true,12.13,0.20,true,7.31,-0.99,true
AAPL,2026-03-23,box_bottom,251.49,bear,-1.93,-3.57,true,0.80,0.59,true,5.84,7.43,false
ABT,2025-12-10,box_bottom,122.55,bull,3.39,-2.35,true,1.84,0.41,true,2.75,0.95,true
ABT,2025-12-11,box_bottom,123.28,bull,1.49,-1.84,true,1.27,0.17,true,1.10,0.87,true
ABT,2026-03-16,box_bottom,109.95,bear,-4.64,-2.04,false,-7.34,-5.54,false,-8.09,3.80,false
ABT,2026-03-25,box_bottom,104.83,bear,-2.34,-0.24,false,-2.01,3.52,false,-11.78,7.86,false
ABT,2026-03-26,box_bottom,104.57,bear,-1.63,1.66,false,-4.08,5.33,false,-12.85,10.67,false
ABT,2026-03-31,box_bottom,102.67,bear,0.87,3.95,false,-1.08,7.63,false,-11.05,9.42,false
ABT,2026-04-01,box_bottom,102.38,bear,0.33,3.77,false,-6.75,7.08,false,-11.32,9.68,false
ABT,2026-04-02,box_bottom,102.87,bear,-2.50,3.60,false,-5.89,8.28,false,-13.04,9.88,false
ACGL,2026-03-17,box_bottom,94.40,bear,-0.85,-2.63,true,1.68,-3.05,true,3.25,4.35,false
ACGL,2026-06-04,box_bottom,88.34,bull,3.16,-2.55,true,3.21,-1.37,true,15.25,-0.77,true
ADBE,2025-10-17,box_bottom,333.26,bull,6.08,1.94,true,2.12,2.66,false,-0.65,1.13,false
ADM,2025-11-07,box_bottom,56.98,bull,2.86,0.14,true,2.90,-1.78,true,1.68,1.89,false
ADP,2025-10-20,box_bottom,283.03,bull,-0.88,2.08,false,-9.14,1.79,false,-11.35,-0.84,false
ADP,2025-11-04,box_bottom,259.22,bull,-1.55,1.15,false,-3.68,-2.25,false,0.39,1.28,false
ADP,2025-11-05,box_bottom,259.57,bull,-1.93,0.86,false,-3.53,-2.21,false,-0.07,1.01,false
ADP,2026-02-02,box_bottom,247.56,bull,-8.46,-0.21,false,-13.93,-1.81,false,-12.64,-2.17,false
ADSK,2025-10-13,box_bottom,307.97,bull,-0.01,1.25,false,1.81,3.35,false,-3.00,2.78,false
ADSK,2025-10-17,box_bottom,303.66,bull,3.04,1.94,true,-0.76,2.66,false,-1.41,1.13,false
AEE,2025-12-15,box_bottom,98.87,bull,0.60,0.60,false,1.89,0.92,true,3.71,1.41,true
AEP,2025-12-15,box_bottom,115.77,bull,-0.99,0.60,false,0.19,0.92,false,2.02,1.41,true
AFL,2025-10-27,box_bottom,107.55,bull,-0.54,-0.28,false,5.61,-0.55,true,2.63,-2.41,true
AFL,2025-10-30,box_bottom,106.84,bull,6.42,-1.40,true,7.65,-1.15,true,3.25,0.52,true
AFL,2026-03-23,box_bottom,106.65,bear,1.43,-3.57,true,3.63,0.59,true,8.74,7.43,true
AFL,2026-03-25,box_bottom,107.21,bear,2.27,-0.24,true,5.47,3.52,true,7.38,7.86,false
AIG,2025-11-26,box_bottom,76.04,bull,1.63,0.69,true,8.96,1.40,true,13.73,1.56,true
AIG,2026-03-23,box_bottom,75.09,bear,-1.38,-3.57,true,1.44,0.59,true,3.78,7.43,false
AIG,2026-03-24,box_bottom,74.34,bear,1.22,-0.43,true,4.16,3.50,true,2.27,8.88,false
AIG,2026-03-30,box_bottom,74.05,bear,2.86,4.31,false,4.01,9.89,false,0.15,12.61,false
AJG,2025-10-22,box_bottom,283.04,bull,-7.43,2.93,false,-12.36,1.46,false,-12.13,-0.77,false
AJG,2025-12-09,box_bottom,239.91,bull,5.03,-0.61,true,7.83,0.72,true,10.27,0.95,true
AJG,2025-12-10,box_bottom,240.45,bull,4.35,-2.35,true,8.45,0.41,true,10.04,0.95,true
AKAM,2025-11-07,squeeze_breakout,83.74,bull,4.10,0.14,true,6.29,-1.78,true,1.89,1.89,false
AKAM,2026-01-12,squeeze_breakout,91.27,bull,-1.83,-2.53,true,13.14,0.05,true,3.43,-0.44,true
ALL,2025-10-22,box_bottom,194.79,bull,-2.46,2.93,false,-0.02,1.46,false,7.77,-0.77,true
ALL,2025-10-29,box_bottom,190.00,bull,2.50,-1.43,true,10.11,-0.58,true,12.56,-1.12,true
ALL,2025-10-30,box_bottom,191.88,bull,3.19,-1.40,true,10.05,-1.15,true,11.00,0.52,true
ALL,2026-01-22,box_bottom,195.28,bull,1.59,0.73,true,10.20,-1.65,true,5.68,0.07,true
ALLE,2025-11-05,box_bottom,165.81,bull,1.55,0.86,true,-3.09,-2.21,false,-2.99,1.01,false
AMAT,2026-01-05,squeeze_breakout,284.32,bull,8.06,1.08,true,11.93,-1.47,true,12.08,0.26,true
AMCR,2025-10-10,box_bottom,39.65,bull,2.77,1.74,true,2.65,3.71,false,5.55,2.75,true
AMCR,2026-04-30,box_bottom,38.04,bull,4.94,1.80,true,1.45,4.11,false,2.05,5.26,false
AMCR,2026-05-05,box_bottom,37.64,bull,4.20,1.99,true,-2.52,1.38,false,0.64,4.21,false
AME,2025-10-13,box_bottom,182.24,bull,2.83,1.25,true,2.47,3.35,false,8.65,2.78,true
AME,2026-03-17,box_bottom,215.56,bear,0.66,-2.63,true,-0.56,-3.05,true,6.75,4.35,true
AMGN,2026-03-23,box_bottom,349.77,bear,-0.22,-3.57,true,-2.79,0.59,false,-1.40,7.43,false
AMGN,2026-03-25,box_bottom,353.93,bear,-0.18,-0.24,true,0.47,3.52,false,-1.50,7.86,false
AMGN,2026-03-30,box_bottom,349.00,bear,-2.58,4.31,false,0.56,9.89,false,-2.70,12.61,false
AMGN,2026-05-05,box_bottom,329.59,bull,2.03,1.99,true,0.35,1.38,false,2.62,4.21,false
AMP,2025-10-20,box_bottom,472.68,bull,2.53,2.08,true,-4.29,1.79,false,-6.74,-0.84,false
AMT,2025-10-10,box_bottom,186.68,bull,2.47,1.74,true,2.59,3.71,false,-4.68,2.75,false
AMT,2025-10-14,box_bottom,186.51,bull,3.14,1.37,true,-2.03,3.75,false,-0.92,3.14,false
AON,2025-10-30,box_bottom,328.19,bull,3.60,-1.40,true,6.93,-1.15,true,7.84,0.52,true
AON,2026-01-22,box_bottom,335.96,bull,2.08,0.73,true,2.20,-1.65,true,-3.24,0.07,false
AON,2026-05-07,box_bottom,313.59,bull,0.58,2.27,false,3.39,1.52,true,4.76,0.82,true
AOS,2025-10-14,box_bottom,68.82,bull,3.17,1.37,true,-2.88,3.75,false,-4.40,3.14,false
APD,2025-10-13,box_bottom,260.86,bull,-2.55,1.25,false,-1.96,3.35,false,-0.93,2.78,false
APD,2025-10-14,box_bottom,262.00,bull,-2.78,1.37,false,-2.89,3.75,false,0.09,3.14,false
APD,2025-11-04,box_bottom,240.77,bull,8.91,1.15,true,4.73,-2.25,true,8.13,1.28,true
APD,2026-06-02,box_bottom,279.29,bull,1.32,-2.96,true,0.43,-1.22,true,9.71,-1.82,true
APD,2026-06-03,box_bottom,282.27,bull,-2.04,-3.82,true,-0.18,-1.76,true,11.31,-1.25,true
APD,2026-06-30,squeeze_breakout,293.18,bull,1.22,-0.18,true,0.17,1.08,false,0.00,0.00,false
ARE,2026-06-26,squeeze_breakout,55.22,bear,-9.69,3.06,false,-12.93,2.77,false,0.00,0.00,false
ATO,2025-12-12,box_bottom,168.37,bull,-0.99,-0.17,false,0.24,0.89,false,0.02,1.76,false
ATO,2026-05-21,box_bottom,177.46,bull,-4.69,1.85,false,-4.07,-0.70,false,-4.43,0.22,false
ATO,2026-05-22,box_bottom,177.81,bull,-6.00,1.73,false,-5.58,-0.86,false,-3.78,-1.62,false
ATO,2026-06-02,box_bottom,168.75,bull,-0.67,-2.96,true,0.52,-1.22,true,2.54,-1.82,true
ATO,2026-06-03,box_bottom,168.30,bull,0.58,-3.82,true,0.80,-1.76,true,5.09,-1.25,true
ATO,2026-06-05,box_bottom,170.24,bull,-0.16,0.57,false,-0.38,0.93,false,4.31,1.38,true
AVB,2025-10-14,box_bottom,185.42,bull,0.92,1.37,false,-0.70,3.75,false,-3.55,3.14,false
AVB,2026-03-17,box_bottom,170.57,bear,-4.11,-2.63,false,-4.23,-3.05,false,0.42,4.35,false
AVB,2026-03-23,box_bottom,163.27,bear,-1.05,-3.57,true,2.73,0.59,true,5.43,7.43,false
AVB,2026-03-26,box_bottom,163.41,bear,1.60,1.66,false,3.90,5.33,false,5.49,10.67,false
AVB,2026-03-31,box_bottom,163.35,bear,3.15,3.95,false,4.86,7.63,false,12.87,9.42,true
AWK,2025-10-31,box_bottom,128.43,bull,1.88,-1.63,true,2.48,-1.49,true,2.00,-0.26,true
AWK,2026-02-05,box_bottom,125.68,bear,2.14,0.54,true,2.94,1.74,true,9.40,-0.77,true
AWK,2026-02-09,box_bottom,122.95,bull,8.59,-1.60,true,9.05,-0.95,true,8.04,-2.42,true
AWK,2026-02-10,box_bottom,125.03,bull,4.90,-0.84,true,7.35,0.15,true,7.45,-2.28,true
AWK,2026-05-11,box_bottom,126.01,bull,-0.94,-0.09,false,-1.71,1.53,false,-0.38,-0.30,false
AWK,2026-05-21,box_bottom,123.88,bull,-0.49,1.85,false,0.48,-0.70,true,0.84,0.22,true
BAC,2025-10-13,box_bottom,48.86,bull,6.51,1.25,true,8.51,3.35,true,9.33,2.78,true
BAC,2026-01-28,box_bottom,51.81,bull,6.89,-1.33,true,3.94,-0.50,true,0.95,-0.88,true
BALL,2026-02-03,squeeze_breakout,61.77,bull,9.70,0.38,true,7.35,-0.47,true,4.87,-0.64,true
BALL,2026-03-17,box_bottom,61.76,bear,-4.27,-2.63,false,-4.29,-3.05,false,1.62,4.35,false
BBY,2025-12-19,box_bottom,71.83,bull,-5.55,1.07,false,0.47,1.65,false,-7.34,0.71,false
BBY,2026-01-30,box_bottom,65.10,bull,8.16,-0.20,true,1.08,-1.48,true,-5.39,-0.81,false
BDX,2025-11-04,box_bottom,140.75,bull,5.57,1.15,true,7.42,-2.25,true,8.12,1.28,true
BG,2025-10-15,squeeze_breakout,93.09,bull,2.57,0.40,true,3.23,3.34,false,3.45,2.74,true
BG,2025-12-29,box_bottom,89.36,bull,5.60,0.58,true,14.81,0.86,true,29.03,1.10,true
BG,2025-12-30,box_bottom,89.68,bull,3.24,0.37,true,17.60,0.49,true,28.40,1.02,true
BKR,2025-10-17,box_bottom,45.18,bull,4.69,1.94,true,7.15,2.66,true,7.86,1.13,true
BKR,2025-12-19,box_bottom,44.71,bull,1.50,1.07,true,10.45,1.65,true,19.86,0.71,true
BLK,2025-11-05,box_bottom,1073.57,bull,1.90,0.86,true,-5.49,-2.21,false,0.19,1.01,false
BLK,2025-11-06,box_bottom,1069.44,bull,0.02,0.26,false,-7.19,-2.65,false,0.25,2.29,false
BMY,2026-04-30,squeeze_breakout,60.59,bull,-7.16,1.80,false,-6.30,4.11,false,-5.63,5.26,false
BNY,2026-01-05,squeeze_breakout,121.04,bull,-0.31,1.08,false,-0.30,-1.47,true,-1.42,0.26,false
BR,2025-11-04,box_bottom,222.86,bull,0.00,1.15,false,0.93,-2.25,true,3.41,1.28,true
BR,2025-11-07,box_bottom,221.72,bull,1.96,0.14,true,3.01,-1.78,true,2.62,1.89,true
BR,2026-01-05,box_bottom,222.82,bull,0.09,1.08,false,-6.08,-1.47,false,-16.55,0.26,false
BR,2026-01-22,box_bottom,209.79,bull,-6.59,0.73,false,-7.75,-1.65,false,-15.62,0.07,false
BR,2026-05-12,box_bottom,149.53,bull,-0.07,-0.60,true,-1.63,1.66,false,-2.07,-1.73,false
BRO,2026-02-03,box_bottom,71.96,bull,-6.05,0.38,false,-3.15,-0.47,false,-0.15,-0.64,true
BRO,2026-03-26,box_bottom,65.14,bear,1.24,1.66,false,-0.09,5.33,false,1.17,10.67,false
BXP,2025-10-14,box_bottom,70.53,bull,2.04,1.37,true,5.05,3.75,true,2.68,3.14,false
BXP,2026-01-08,box_bottom,67.05,bull,0.09,0.40,false,-2.33,-0.04,false,-3.48,0.16,false
CAH,2026-03-24,box_bottom,207.23,bear,1.97,-0.43,true,3.81,3.50,true,-3.22,8.88,false
CASY,2025-10-27,box_bottom,535.95,bull,-4.16,-0.28,false,-0.64,-0.55,false,0.90,-2.41,true
CASY,2025-11-03,box_bottom,513.65,bull,3.68,-0.28,true,4.42,-2.59,true,10.35,-0.26,true
CAT,2025-10-29,squeeze_breakout,585.49,bull,-2.79,-1.43,false,-2.13,-0.58,false,-2.01,-1.12,false
CB,2026-05-14,box_bottom,320.09,bull,3.18,-0.73,true,-2.61,1.11,false,2.51,-0.86,true
CBOE,2025-10-31,squeeze_breakout,245.64,bull,4.47,-1.63,true,5.17,-1.49,true,3.92,-0.26,true
CBOE,2026-05-01,squeeze_breakout,326.96,bull,6.61,2.35,true,11.03,2.57,true,-7.94,5.26,false
CBRE,2025-10-13,box_bottom,152.93,bull,4.54,1.25,true,5.36,3.35,true,-0.72,2.78,false
CCI,2025-11-04,box_bottom,90.32,bull,4.33,1.15,true,0.80,-2.25,true,-2.20,1.28,false
CCI,2025-11-07,box_bottom,89.54,bull,2.39,0.14,true,0.52,-1.78,true,1.43,1.89,false
CDW,2026-01-06,box_bottom,134.34,bull,0.19,0.28,false,-5.00,-0.93,false,2.78,-0.81,true
CF,2025-10-20,box_bottom,83.93,bull,2.93,2.08,true,0.57,1.79,false,-3.86,-0.84,false
CF,2025-11-26,box_bottom,78.41,bull,2.32,0.69,true,0.32,1.40,false,-1.22,1.56,false
CFG,2026-07-16,squeeze_breakout,74.40,bull,0.00,0.00,false,0.00,0.00,false,0.00,0.00,false
CHD,2026-03-20,box_bottom,94.69,bear,0.00,-2.23,true,-1.65,1.60,false,1.96,9.27,false
CHD,2026-03-23,box_bottom,94.65,bear,-0.78,-3.57,true,-2.22,0.59,false,-1.52,7.43,false
CHD,2026-03-25,box_bottom,94.38,bear,-1.62,-0.24,false,1.89,3.52,false,0.21,7.86,false
CHD,2026-03-30,box_bottom,93.91,bear,-1.45,4.31,false,1.73,9.89,false,3.38,12.61,false
CHD,2026-03-31,box_bottom,93.32,bear,0.94,3.95,false,1.40,7.63,false,3.09,9.42,false
CI,2026-03-12,box_bottom,265.88,bear,-0.49,-0.94,true,2.33,-3.15,true,2.02,2.01,true
CINF,2026-03-23,box_bottom,160.19,bear,-2.35,-3.57,true,-0.01,0.59,false,3.91,7.43,false
CINF,2026-03-26,box_bottom,157.56,bear,0.54,1.66,false,2.27,5.33,false,4.39,10.67,false
CLX,2025-10-30,box_bottom,112.46,bull,-5.50,-1.40,false,-7.28,-1.15,false,-4.02,0.52,false
CLX,2025-11-04,box_bottom,110.42,bull,-4.88,1.15,false,-9.31,-2.25,false,-4.75,1.28,false
CLX,2025-12-24,box_bottom,98.21,bull,2.69,-1.04,true,8.13,0.53,true,14.93,0.34,true
CLX,2025-12-26,box_bottom,98.53,bull,2.79,-0.38,true,8.58,0.70,true,14.88,0.75,true
CLX,2026-04-30,box_bottom,96.44,bull,-4.49,1.80,false,-5.46,4.11,false,-6.66,5.26,false
CMCSA,2026-03-31,box_bottom,28.71,bear,-2.61,3.95,false,-1.43,7.63,false,-6.79,9.42,false
CMCSA,2026-06-24,box_bottom,22.64,bull,4.81,1.71,true,3.14,2.52,true,0.00,0.00,false
CME,2026-03-30,box_bottom,297.58,bear,4.37,4.31,true,-0.18,9.89,false,-4.39,12.61,false
CMS,2025-12-15,box_bottom,70.76,bull,-1.40,0.60,false,-0.48,0.92,false,0.23,1.41,false
CMS,2026-05-14,box_bottom,73.26,bull,0.52,-0.73,true,-0.94,1.11,false,0.42,-0.86,true
CMS,2026-05-18,box_bottom,72.13,bull,2.87,1.62,true,-0.39,2.83,false,2.63,1.58,true
CNP,2025-12-12,box_bottom,37.84,bull,-0.63,-0.17,false,1.53,0.89,true,2.01,1.76,true
CNP,2026-03-26,box_bottom,42.33,bear,3.26,1.66,true,2.50,5.33,false,0.33,10.67,false
COF,2026-01-06,squeeze_breakout,257.94,bull,-10.29,0.28,false,-10.44,-0.93,false,-12.59,-0.81,false
COP,2025-10-20,box_bottom,87.06,bull,1.87,2.08,false,1.73,1.79,false,1.91,-0.84,true
COP,2025-10-22,box_bottom,87.41,bull,0.77,2.93,false,0.33,1.46,false,0.65,-0.77,true
COST,2025-12-23,box_bottom,854.79,bull,0.88,-0.88,true,7.08,0.23,true,15.03,0.18,true
CPRT,2025-11-07,box_bottom,40.51,bull,1.41,0.14,true,0.54,-1.78,true,-5.18,1.89,false
CPRT,2025-12-09,box_bottom,38.44,bull,1.85,-0.61,true,1.85,0.72,true,1.56,0.95,true
CPT,2025-10-13,box_bottom,101.81,bull,1.26,1.25,true,2.31,3.35,false,0.58,2.78,false
CPT,2025-10-14,box_bottom,102.13,bull,1.26,1.37,false,-0.70,3.75,false,1.52,3.14,false
CPT,2025-10-15,box_bottom,101.70,bull,2.65,0.40,true,-4.05,3.34,false,0.97,2.74,false
CPT,2026-03-17,box_bottom,101.81,bear,-3.83,-2.63,false,-4.08,-3.05,false,-0.42,4.35,false
CPT,2026-03-19,box_bottom,99.68,bear,-2.02,-2.23,true,1.08,-0.60,true,3.73,7.63,false
CPT,2026-03-23,box_bottom,98.15,bear,-0.32,-3.57,true,2.73,0.59,true,4.41,7.43,false
CPT,2026-03-26,box_bottom,97.67,bear,3.16,1.66,true,4.38,5.33,false,4.18,10.67,false
CPT,2026-03-30,box_bottom,97.84,bear,3.06,4.31,false,4.03,9.89,false,8.27,12.61,false
CPT,2026-03-31,box_bottom,97.66,bear,4.72,3.95,true,3.81,7.63,false,7.84,9.42,false
CRH,2025-11-18,box_bottom,108.87,bear,6.80,2.26,true,11.47,3.61,true,13.02,1.71,true
CRH,2025-11-19,box_bottom,110.15,bear,8.63,2.57,true,9.90,3.28,true,15.45,2.09,true
CRH,2025-11-21,box_bottom,110.15,bear,8.65,3.22,true,14.88,3.73,true,14.59,3.91,true
CSX,2025-11-21,box_bottom,34.28,bear,1.66,3.22,false,6.04,3.73,true,6.59,3.91,true
CTAS,2026-03-23,box_bottom,181.21,bear,-6.93,-3.57,false,-6.03,0.59,false,-2.73,7.43,false
CTSH,2026-04-29,box_bottom,54.70,bull,-6.16,3.13,false,-15.96,4.32,false,-1.55,6.05,false
CTVA,2026-06-11,box_bottom,74.86,bull,4.98,1.22,true,10.37,-1.19,true,14.97,1.55,true
CTVA,2026-06-15,box_bottom,75.71,bull,4.49,-2.82,true,11.86,-1.07,true,11.54,-0.00,true
CVS,2026-03-23,box_bottom,71.29,bear,-1.61,-3.57,true,9.72,0.59,true,8.51,7.43,true
CVS,2026-03-25,box_bottom,72.18,bear,0.43,-0.24,true,9.23,3.52,true,9.25,7.86,true
CVX,2026-04-16,box_bottom,188.15,bull,-0.29,0.97,false,2.74,2.42,true,-0.80,6.63,false
D,2026-03-24,box_bottom,60.27,bear,2.57,-0.43,true,4.86,3.50,true,1.13,8.88,false
DASH,2026-01-21,box_bottom,206.48,bull,0.09,1.46,false,-5.16,0.12,false,-14.67,-0.13,false
DASH,2026-01-22,box_bottom,207.65,bull,0.01,0.73,false,-11.46,-1.65,false,-15.10,0.07,false
DDOG,2025-11-06,squeeze_breakout,190.82,bull,-2.54,0.26,false,-16.38,-2.65,false,-20.65,2.29,false
DGX,2025-12-26,box_bottom,175.94,bull,-1.39,-0.38,false,0.00,0.70,false,4.72,0.75,true
DGX,2026-03-24,box_bottom,196.08,bear,-0.05,-0.43,true,1.39,3.50,false,4.04,8.88,false
DGX,2026-03-25,box_bottom,196.46,bear,0.63,-0.24,true,0.69,3.52,false,1.56,7.86,false
DHI,2026-03-09,box_bottom,147.69,bear,-3.79,-1.36,false,-6.01,-3.37,false,-7.19,-2.81,false
DHR,2026-02-09,box_bottom,216.66,bull,-4.75,-1.60,false,-3.45,-0.95,false,-9.90,-2.42,false
DHR,2026-05-05,box_bottom,174.63,bull,-4.79,1.99,false,-4.35,1.38,false,1.98,4.21,false
DHR,2026-05-06,box_bottom,174.92,bull,-5.11,1.16,false,-2.17,1.01,false,6.70,3.17,true
DIS,2025-11-21,box_bottom,104.28,bear,2.39,3.22,false,3.21,3.73,false,7.77,3.91,true
DIS,2026-03-17,box_bottom,100.30,bear,-3.90,-2.63,false,-3.91,-3.05,false,2.73,4.35,false
DIS,2026-03-20,box_bottom,99.51,bear,-7.12,-2.23,false,-3.25,1.60,false,6.82,9.27,false
DIS,2026-03-25,box_bottom,95.95,bear,0.64,-0.24,true,4.00,3.52,true,8.03,7.86,true
DIS,2026-05-06,squeeze_breakout,108.06,bull,-2.92,1.16,false,-3.68,1.01,false,-8.07,3.17,false
DIS,2026-06-11,box_bottom,100.34,bull,3.54,1.22,true,-1.54,-1.19,false,-4.33,1.55,false
DIS,2026-07-13,box_bottom,96.00,bull,0.00,0.00,false,0.00,0.00,false,0.00,0.00,false
DLR,2025-11-18,box_bottom,159.62,bear,-1.41,2.26,false,0.04,3.61,false,-7.04,1.71,false
DLR,2025-11-24,box_bottom,159.01,bear,-1.58,1.91,false,2.36,2.14,true,-3.23,2.88,false
DLR,2025-11-25,box_bottom,157.37,bull,1.47,1.31,true,1.36,1.86,false,-1.39,2.28,false
DLR,2025-12-19,box_bottom,149.99,bull,3.77,1.07,true,4.53,1.65,true,6.01,0.71,true
DOC,2025-12-11,box_bottom,16.68,bull,-1.62,-1.84,true,-3.42,0.17,false,0.78,0.87,false
DOC,2025-12-15,box_bottom,16.66,bull,-3.72,0.60,false,-2.88,0.92,false,3.60,1.41,true
DOC,2025-12-22,box_bottom,16.04,bull,0.87,0.32,true,5.61,0.69,true,10.91,0.61,true
DOV,2025-10-14,box_bottom,162.55,bull,6.45,1.37,true,10.56,3.75,true,13.18,3.14,true
DOV,2026-03-16,box_bottom,207.42,bear,2.35,-2.04,true,-2.22,-5.54,true,5.33,3.80,true
DOV,2026-05-22,box_bottom,209.90,bull,-1.12,1.73,false,3.00,-0.86,true,6.50,-1.62,true
DPZ,2026-01-09,box_bottom,405.09,bull,-1.19,-0.35,false,2.18,-0.19,true,-3.19,-0.02,false
DTE,2025-11-05,box_bottom,134.00,bull,4.69,0.86,true,0.78,-2.21,true,-1.37,1.01,false
DTE,2025-12-03,box_bottom,133.18,bull,-2.40,0.54,false,-3.22,-1.83,false,-2.12,-0.11,false
DTE,2025-12-11,box_bottom,130.75,bull,-0.65,-1.84,true,-1.30,0.17,false,-0.34,0.87,false
DUK,2025-11-05,box_bottom,123.77,bull,0.11,0.86,false,-1.24,-2.21,true,-4.69,1.01,false
DUK,2025-12-09,box_bottom,115.24,bull,0.30,-0.61,true,1.35,0.72,true,1.80,0.95,true
DUK,2025-12-12,box_bottom,115.30,bull,0.23,-0.17,true,1.93,0.89,true,1.81,1.76,true
DVA,2025-10-15,box_bottom,126.00,bull,2.44,0.40,true,0.44,3.34,false,-1.90,2.74,false
EA,2026-05-13,box_bottom,200.18,bull,0.70,-0.14,true,0.48,1.66,false,1.43,-0.61,true
EA,2026-05-14,box_bottom,200.78,bull,0.54,-0.73,true,0.47,1.11,false,1.24,-0.86,true
ECL,2026-03-17,box_bottom,272.59,bear,-2.97,-2.63,false,-2.41,-3.05,true,-0.81,4.35,false
ECL,2026-04-30,box_bottom,260.60,bull,-1.55,1.80,false,-4.50,4.11,false,-1.77,5.26,false
ECL,2026-05-12,box_bottom,251.70,bull,-2.37,-0.60,false,4.32,1.66,true,2.10,-1.73,true
ECL,2026-05-15,box_bottom,247.62,bull,2.30,0.88,true,1.15,2.62,false,8.46,2.12,true
ECL,2026-05-18,box_bottom,249.21,bull,2.01,1.62,true,2.83,2.83,false,9.90,1.58,true
ED,2025-11-04,box_bottom,97.96,bull,1.66,1.15,true,5.05,-2.25,true,-1.54,1.28,false
ED,2025-12-09,box_bottom,95.82,bull,3.21,-0.61,true,3.27,0.72,true,4.55,0.95,true
ED,2026-04-23,box_bottom,110.25,bull,1.12,1.44,false,-3.50,3.26,false,-2.59,4.84,false
EG,2026-03-17,box_bottom,322.50,bear,0.39,-2.63,true,1.35,-3.05,true,7.17,4.35,true
EME,2026-06-02,box_bottom,827.28,bull,0.06,-2.96,true,0.91,-1.22,true,-2.77,-1.82,false
EMR,2025-11-19,box_bottom,128.17,bear,2.55,2.57,false,6.61,3.28,true,2.68,2.09,true
EMR,2026-01-05,squeeze_breakout,142.85,bull,1.76,1.08,true,1.66,-1.47,true,6.48,0.26,true
EMR,2026-02-04,squeeze_breakout,157.32,bull,-1.68,0.84,false,-3.83,-0.25,false,-9.60,-0.71,false
EMR,2026-07-09,box_bottom,137.80,bull,0.93,-0.13,true,0.00,0.00,false,0.00,0.00,false
EMR,2026-07-15,box_bottom,136.25,bull,0.00,0.00,false,0.00,0.00,false,0.00,0.00,false
EQIX,2025-11-21,box_bottom,754.68,bear,-2.84,3.22,false,-1.95,3.73,false,0.43,3.91,false
EQIX,2025-11-24,box_bottom,760.62,bear,-4.37,1.91,false,-2.62,2.14,false,-0.06,2.88,false
EQIX,2025-11-26,box_bottom,750.41,bull,-3.24,0.69,false,0.50,1.40,false,1.72,1.56,true
EQR,2025-10-14,box_bottom,62.30,bull,0.83,1.37,false,-1.35,3.75,false,-2.91,3.14,false
EQR,2026-03-23,box_bottom,58.41,bear,0.29,-3.57,true,3.08,0.59,true,5.89,7.43,false
EQR,2026-03-24,box_bottom,58.67,bear,0.82,-0.43,true,3.63,3.50,true,5.16,8.88,false
EQT,2025-12-19,box_bottom,53.87,bull,1.24,1.07,true,-0.85,1.65,false,1.78,0.71,true
ES,2026-03-23,box_bottom,67.65,bear,1.12,-3.57,true,2.72,0.59,true,-1.23,7.43,false
ES,2026-03-26,box_bottom,67.96,bear,2.22,1.66,true,2.96,5.33,false,1.00,10.67,false
ES,2026-03-27,box_bottom,67.59,bear,2.74,3.92,false,1.61,8.20,false,1.67,12.79,false
ESS,2026-03-23,box_bottom,242.58,bear,0.01,-3.57,true,2.36,0.59,true,4.36,7.43,false
ESS,2026-03-24,box_bottom,243.50,bear,-0.62,-0.43,false,3.45,3.50,false,3.57,8.88,false
ESS,2026-03-26,box_bottom,243.71,bear,1.49,1.66,false,2.61,5.33,false,4.78,10.67,false
ESS,2026-03-30,box_bottom,242.61,bear,2.35,4.31,false,3.63,9.89,false,10.42,12.61,false
ETR,2025-12-22,box_bottom,91.99,bull,1.50,0.32,true,-0.74,0.69,false,1.68,0.61,true
EVRG,2025-12-10,box_bottom,73.51,bull,0.11,-2.35,true,-0.68,0.41,false,-0.94,0.95,false
EVRG,2025-12-23,box_bottom,72.57,bull,-0.11,-0.88,true,0.51,0.23,true,4.30,0.18,true
EW,2026-02-06,box_bottom,78.71,bull,-3.61,-1.28,false,4.74,-1.19,true,7.05,-1.79,true
EXC,2025-11-14,box_bottom,45.94,bull,-0.41,-1.92,true,-0.54,1.24,false,-4.51,1.31,false
EXC,2025-12-09,box_bottom,43.76,bull,0.00,-0.61,true,-0.69,0.72,false,-0.71,0.95,false
EXC,2026-04-23,box_bottom,46.75,bull,-1.63,1.44,false,-5.01,3.26,false,-2.99,4.84,false
EXC,2026-05-18,box_bottom,43.97,bull,4.69,1.62,true,2.34,2.83,false,5.96,1.58,true
F,2026-05-13,squeeze_breakout,13.57,bull,-2.58,-0.14,false,22.70,1.66,true,8.40,-0.61,true
FANG,2025-12-29,box_bottom,148.57,bull,-2.76,0.58,false,1.78,0.86,true,7.88,1.10,true
FAST,2025-11-21,box_bottom,39.91,bear,0.60,3.22,false,2.23,3.73,false,4.61,3.91,true
FDX,2026-03-17,box_bottom,285.79,bear,1.49,-2.63,true,0.43,-3.05,true,2.89,4.35,false
FE,2025-12-17,box_bottom,44.50,bear,0.79,2.83,false,1.71,1.75,false,6.38,3.02,true
FIS,2026-03-30,box_bottom,47.45,bear,-2.61,4.31,false,-0.99,9.89,false,-2.42,12.61,false
FITB,2025-10-13,box_bottom,42.20,bull,-0.95,1.25,false,0.59,3.35,false,2.20,2.78,false
FOX,2025-10-13,box_bottom,51.95,bull,0.31,1.25,false,5.51,3.35,true,15.59,2.78,true
FOX,2025-10-14,box_bottom,52.11,bull,0.69,1.37,false,4.64,3.75,true,15.12,3.14,true
FOXA,2025-10-13,box_bottom,58.10,bull,0.14,1.25,false,5.46,3.35,true,14.51,2.78,true
FOXA,2025-10-14,box_bottom,58.11,bull,1.07,1.37,false,5.16,3.75,true,14.33,3.14,true
FOXA,2026-05-11,squeeze_breakout,67.72,bull,-2.73,-0.09,false,-4.08,1.53,false,0.89,-0.30,true
FRT,2026-03-26,box_bottom,103.70,bear,2.98,1.66,true,5.16,5.33,false,7.08,10.67,false
FTNT,2026-01-21,box_bottom,75.75,bull,8.36,1.46,true,7.09,0.12,true,7.82,-0.13,true
FTV,2026-05-20,box_bottom,59.03,bull,0.24,1.80,false,4.13,2.14,true,3.39,0.74,true
GDDY,2025-10-13,box_bottom,132.41,bull,0.04,1.25,false,-0.40,3.35,false,-0.73,2.78,false
GDDY,2026-01-06,box_bottom,119.82,bull,-8.80,0.28,false,-13.09,-0.93,false,-20.12,-0.81,false
GEHC,2026-01-30,box_bottom,78.97,bull,2.13,-0.20,true,1.73,-1.48,true,1.51,-0.81,true
GEN,2025-10-13,box_bottom,26.70,bull,0.00,1.25,false,0.52,3.35,false,-1.31,2.78,false
GEN,2025-10-15,box_bottom,27.04,bull,0.63,0.40,true,-4.40,3.34,false,-0.15,2.74,false
GEN,2025-10-20,box_bottom,26.70,bull,0.52,2.08,false,-1.57,1.79,false,-2.10,-0.84,false
GEN,2026-01-06,box_bottom,26.21,bull,0.27,0.28,false,-3.85,-0.93,false,-12.51,-0.81,false
GEN,2026-01-23,box_bottom,25.41,bull,-5.59,0.40,false,-4.57,0.20,false,-14.80,-0.99,false
GEN,2026-01-26,box_bottom,25.63,bull,-7.18,0.39,false,-4.02,0.18,false,-14.28,-0.78,false
GILD,2026-03-25,box_bottom,138.26,bear,1.48,-0.24,true,2.77,3.52,false,-3.34,7.86,false
GILD,2026-04-23,box_bottom,133.64,bull,-2.10,1.44,false,0.31,3.26,false,-2.35,4.84,false
GIS,2025-12-10,box_bottom,45.71,bull,6.34,-2.35,true,2.82,0.41,true,-2.43,0.95,false
GL,2026-03-19,box_bottom,137.71,bear,0.79,-2.23,true,3.55,-0.60,true,10.28,7.63,true
GL,2026-03-23,box_bottom,137.38,bear,-0.68,-3.57,true,4.63,0.59,true,9.86,7.43,true
GLW,2025-11-19,box_bottom,81.69,bear,2.34,2.57,false,4.60,3.28,true,6.35,2.09,true
GOOG,2026-06-11,box_bottom,356.56,bull,3.06,1.22,true,-6.13,-1.19,false,-1.65,1.55,false
GOOGL,2026-06-11,box_bottom,357.77,bull,2.87,1.22,true,-5.70,-1.19,false,-1.47,1.55,false
GPC,2025-11-05,box_bottom,124.59,bull,2.01,0.86,true,0.65,-2.21,true,4.61,1.01,true
GPC,2025-11-06,box_bottom,125.03,bull,2.16,0.26,true,0.00,-2.65,true,4.17,2.29,true
GPC,2026-01-05,box_bottom,123.38,bull,4.73,1.08,true,6.96,-1.47,true,15.77,0.26,true
GPN,2026-02-18,squeeze_breakout,81.26,bear,-4.09,1.00,false,-4.54,-0.17,false,-14.30,-3.62,false
GS,2026-01-05,squeeze_breakout,948.44,bull,0.12,1.08,false,-0.53,-1.47,true,-1.00,0.26,false
HAS,2026-06-01,box_bottom,85.07,bull,-1.80,-2.55,true,-0.09,-0.49,true,-2.92,-1.55,false
HBAN,2025-10-13,box_bottom,15.90,bull,-0.38,1.25,false,-1.64,3.35,false,-0.57,2.78,false
HCA,2025-11-24,squeeze_breakout,501.04,bear,-0.15,1.91,false,-2.50,2.14,false,-5.39,2.88,false
HCA,2026-03-25,box_bottom,484.02,bear,-1.92,-0.24,false,4.79,3.52,true,-2.06,7.86,false
HD,2025-10-13,box_bottom,379.37,bull,2.51,1.25,true,1.56,3.35,false,-2.36,2.78,false
HD,2026-03-09,box_bottom,353.56,bear,-3.11,-1.36,false,-6.41,-3.37,false,-9.84,-2.81,false
HD,2026-03-10,box_bottom,357.15,bear,-4.40,-0.94,false,-7.35,-3.54,false,-5.88,-0.17,false
HD,2026-05-05,box_bottom,315.42,bull,-1.57,1.99,false,-4.12,1.38,false,-0.78,4.21,false
HIG,2025-10-21,box_bottom,125.10,bull,-1.93,2.35,false,2.27,0.59,true,6.41,-1.67,true
HIG,2025-10-24,box_bottom,125.11,bull,-0.74,0.71,false,3.44,-0.93,true,9.06,-2.69,true
HIG,2026-01-21,box_bottom,129.56,bull,0.86,1.46,false,8.72,0.12,true,8.30,-0.13,true
HIG,2026-01-22,box_bottom,129.95,bull,1.86,0.73,true,9.50,-1.65,true,9.42,0.07,true
HIG,2026-01-26,box_bottom,130.74,bull,4.92,0.39,true,6.61,0.18,true,7.50,-0.78,true
HIG,2026-03-16,box_bottom,134.75,bear,0.50,-2.04,true,-0.23,-5.54,true,2.98,3.80,false
HIG,2026-03-17,box_bottom,135.33,bear,0.06,-2.63,true,-0.07,-3.05,true,2.53,4.35,false
HIG,2026-03-20,box_bottom,132.65,bear,-0.25,-2.23,true,2.84,1.60,true,4.74,9.27,false
HON,2026-03-23,box_bottom,233.89,bear,0.21,-3.57,true,0.37,0.59,false,-0.35,7.43,false
HON,2026-03-25,box_bottom,236.80,bear,1.07,-0.24,true,4.55,3.52,true,-5.07,7.86,false
HON,2026-03-26,box_bottom,236.15,bear,1.90,1.66,true,4.38,5.33,false,-5.33,10.67,false
HON,2026-04-30,box_bottom,224.78,bull,0.81,1.80,false,1.58,4.11,false,10.98,5.26,true
HOOD,2026-05-28,squeeze_breakout,84.84,bull,4.11,0.33,true,8.71,-2.23,true,16.32,-3.39,true
HPQ,2026-05-22,squeeze_breakout,25.24,bull,16.24,1.73,true,0.55,-0.86,true,-6.22,-1.62,false
HRL,2026-03-17,box_bottom,22.92,bear,-1.18,-2.63,true,-1.18,-3.05,true,-9.86,4.35,false
HRL,2026-03-18,box_bottom,22.71,bear,1.50,-0.70,true,-2.99,-0.94,false,-7.97,6.08,false
HSIC,2025-10-14,box_bottom,63.39,bull,1.33,1.37,false,-0.28,3.75,false,15.51,3.14,true
HSIC,2025-10-15,box_bottom,63.25,bull,0.41,0.40,true,-1.47,3.34,false,15.16,2.74,true
HSIC,2025-10-17,box_bottom,62.98,bull,1.37,1.94,false,0.35,2.66,false,13.42,1.13,true
HST,2025-11-06,squeeze_breakout,17.32,bull,1.44,0.26,true,-2.94,-2.65,false,-0.35,2.29,false
HST,2026-07-09,box_bottom,23.16,bull,2.20,-0.13,true,0.00,0.00,false,0.00,0.00,false
HSY,2025-10-27,box_bottom,181.45,bull,-10.55,-0.28,false,-6.91,-0.55,false,2.40,-2.41,true
IBM,2025-10-24,squeeze_breakout,307.46,bull,-0.02,0.71,false,-0.35,-0.93,true,-3.26,-2.69,false
ICE,2025-10-13,box_bottom,158.75,bull,-2.18,1.25,false,0.69,3.35,false,-5.83,2.78,false
ICE,2025-10-20,box_bottom,155.29,bull,2.93,2.08,true,-6.25,1.79,false,-3.19,-0.84,false
ICE,2026-01-05,squeeze_breakout,165.62,bull,0.38,1.08,false,3.22,-1.47,true,-1.54,0.26,false
IDXX,2026-02-04,box_bottom,642.94,bull,0.90,0.84,true,-1.90,-0.25,false,-3.74,-0.71,false
IDXX,2026-02-09,box_bottom,639.79,bull,-2.13,-1.60,false,1.48,-0.95,true,-6.40,-2.42,false
IEX,2025-11-20,box_bottom,163.00,bear,6.71,4.73,true,8.92,5.08,true,9.07,4.30,true
IEX,2026-03-17,box_bottom,190.39,bear,1.31,-2.63,true,-0.44,-3.05,true,4.80,4.35,true
INVH,2025-10-13,box_bottom,28.25,bull,1.24,1.25,false,2.23,3.35,false,-0.74,2.78,false
INVH,2026-03-23,box_bottom,24.76,bear,0.04,-3.57,true,3.47,0.59,true,8.80,7.43,true
IQV,2026-01-05,squeeze_breakout,234.59,bull,2.67,1.08,true,-0.38,-1.47,true,-13.14,0.26,false
IR,2025-10-14,box_bottom,77.24,bull,3.00,1.37,true,2.08,3.75,false,0.12,3.14,false
IR,2025-10-17,box_bottom,77.22,bull,3.32,1.94,true,-1.15,2.66,false,-2.27,1.13,false
IR,2025-11-20,box_bottom,74.54,bear,7.78,4.73,true,7.14,5.08,true,6.36,4.30,true
IR,2026-07-16,squeeze_breakout,84.78,bull,0.00,0.00,false,0.00,0.00,false,0.00,0.00,false
ISRG,2026-03-31,box_bottom,460.99,bear,0.28,3.95,false,1.60,7.63,false,-1.55,9.42,false
ISRG,2026-07-01,box_bottom,402.38,bull,2.28,0.80,true,-0.01,0.67,false,0.00,0.00,false
ITW,2025-10-14,box_bottom,248.09,bull,3.65,1.37,true,-0.89,3.75,false,-1.10,3.14,false
ITW,2025-10-15,box_bottom,247.69,bull,2.13,0.40,true,-2.29,3.34,false,-0.91,2.74,false
ITW,2026-03-16,box_bottom,268.64,bear,-2.19,-2.04,false,-4.63,-5.54,true,1.34,3.80,false
ITW,2026-03-17,box_bottom,267.74,bear,-1.01,-2.63,true,-2.78,-3.05,true,-1.25,4.35,false
ITW,2026-05-18,box_bottom,249.46,bull,0.38,1.62,false,-0.35,2.83,false,6.54,1.58,true
ITW,2026-05-19,box_bottom,247.37,bull,1.18,2.28,false,1.17,2.80,false,5.96,0.99,true
J,2026-02-04,squeeze_breakout,143.33,bull,-0.68,0.84,false,-2.80,-0.25,false,-5.04,-0.71,false
JBHT,2026-07-16,squeeze_breakout,298.41,bull,0.00,0.00,false,0.00,0.00,false,0.00,0.00,false
JNJ,2026-03-24,box_bottom,235.27,bear,3.90,-0.43,true,2.56,3.50,false,-3.90,8.88,false
JPM,2026-01-28,box_bottom,300.77,bull,5.49,-1.33,true,3.34,-0.50,true,1.78,-0.88,true
KDP,2026-01-06,box_bottom,27.34,bull,1.39,0.28,true,1.32,-0.93,true,4.06,-0.81,true
KEY,2025-10-17,box_bottom,16.96,bull,5.07,1.94,true,3.71,2.66,true,3.89,1.13,true
KEY,2026-03-04,box_bottom,20.71,bear,-5.12,-1.28,false,-7.92,-3.46,false,-1.79,-4.36,true
KHC,2026-01-08,box_bottom,23.43,bull,3.46,0.40,true,-0.98,-0.04,false,5.16,0.16,true
KIM,2025-10-13,box_bottom,21.05,bull,4.51,1.25,true,6.27,3.35,true,-3.42,2.78,false
KIM,2025-11-07,box_bottom,20.54,bull,-0.58,0.14,false,-0.88,-1.78,true,-3.70,1.89,false
KLAC,2026-01-05,squeeze_breakout,135.24,bull,5.60,1.08,true,9.89,-1.47,true,0.23,0.26,false
KMB,2025-12-24,box_bottom,101.08,bull,0.32,-1.04,true,-3.13,0.53,false,0.06,0.34,false
KMB,2025-12-26,box_bottom,101.00,bull,-2.90,-0.38,false,-2.70,0.70,false,-0.36,0.75,false
KMI,2025-10-30,box_bottom,26.08,bull,0.15,-1.40,true,3.11,-1.15,true,4.75,0.52,true
KMI,2025-11-05,box_bottom,25.92,bull,4.21,0.86,true,3.47,-2.21,true,7.41,1.01,true
KO,2026-03-23,box_bottom,75.11,bear,1.54,-3.57,true,1.07,0.59,true,-0.55,7.43,false
KO,2026-03-25,box_bottom,75.25,bear,1.10,-0.24,true,3.89,3.52,true,1.37,7.86,false
KR,2025-11-06,box_bottom,63.43,bull,4.00,0.26,true,3.89,-2.65,true,-1.14,2.29,false
KVUE,2026-03-16,box_bottom,17.71,bear,-0.62,-2.04,true,-2.65,-5.54,true,-1.86,3.80,false
KVUE,2026-03-23,box_bottom,17.60,bear,-2.05,-3.57,true,-4.94,0.59,false,-1.70,7.43,false
L,2026-01-22,box_bottom,102.40,bull,2.23,0.73,true,8.29,-1.65,true,7.20,0.07,true
L,2026-01-23,box_bottom,101.86,bull,3.64,0.40,true,9.24,0.20,true,6.72,-0.99,true
L,2026-03-23,box_bottom,106.45,bear,-0.58,-3.57,true,1.38,0.59,true,4.73,7.43,false
L,2026-05-14,box_bottom,105.20,bull,3.78,-0.73,true,-1.57,1.11,false,2.78,-0.86,true
LDOS,2026-03-25,box_bottom,158.88,bear,-1.81,-0.24,false,-2.05,3.52,false,-7.10,7.86,false
LH,2025-12-22,box_bottom,255.06,bull,-0.78,0.32,false,-0.52,0.69,false,5.85,0.61,true
LH,2026-03-16,box_bottom,266.85,bear,-0.91,-2.04,true,-1.21,-5.54,true,0.76,3.80,false
LH,2026-03-23,box_bottom,264.42,bear,-0.31,-3.57,true,1.80,0.59,true,3.40,7.43,false
LH,2026-05-05,box_bottom,257.14,bull,0.08,1.99,false,-1.34,1.38,false,0.69,4.21,false
LHX,2025-12-03,box_bottom,277.74,bull,2.95,0.54,true,0.35,-1.83,true,9.63,-0.11,true
LHX,2026-03-02,squeeze_breakout,378.48,bear,-1.91,-1.18,false,-3.24,-2.53,false,-10.19,-7.93,false
LHX,2026-03-31,box_bottom,345.15,bear,4.87,3.95,true,3.12,7.63,false,-6.88,9.42,false
LHX,2026-04-30,box_bottom,320.55,bull,-6.04,1.80,false,-4.03,4.11,false,-1.68,5.26,false
LIN,2025-10-14,box_bottom,459.25,bull,-2.00,1.37,false,-3.60,3.75,false,-7.10,3.14,false
LIN,2025-10-17,box_bottom,450.89,bull,-1.08,1.94,false,-7.23,2.66,false,-6.10,1.13,false
LIN,2025-12-10,box_bottom,392.68,bull,7.55,-2.35,true,8.21,0.41,true,13.09,0.95,true
LMT,2025-11-11,box_bottom,457.07,bull,3.86,-3.36,true,-1.02,-1.17,true,2.38,0.67,true
LMT,2025-11-13,box_bottom,455.85,bull,2.72,-2.90,true,0.44,1.69,false,5.35,1.45,true
LMT,2026-03-31,box_bottom,604.39,bear,3.99,3.95,true,1.11,7.63,false,-15.65,9.42,false
LOW,2026-03-09,box_bottom,250.22,bear,-3.24,-1.36,false,-6.38,-3.37,false,-7.44,-2.81,false
LOW,2026-05-14,box_bottom,223.61,bull,-2.77,-0.73,false,-4.14,1.11,false,-1.27,-0.86,false
LVS,2026-01-08,box_bottom,61.90,bull,-2.08,0.40,false,-3.15,-0.04,false,-6.62,0.16,false
LVS,2026-01-21,box_bottom,59.60,bull,2.79,1.46,true,-3.52,0.12,false,-2.53,-0.13,false
LVS,2026-06-23,box_bottom,47.76,bull,-3.29,1.80,false,-3.29,1.61,false,0.00,0.00,false
LVS,2026-06-24,box_bottom,47.76,bull,-3.16,1.71,false,-2.74,2.52,false,0.00,0.00,false
MA,2026-01-22,box_bottom,532.86,bull,2.04,0.73,true,3.57,-1.65,true,-1.21,0.07,false
MAA,2025-10-13,box_bottom,134.54,bull,-1.23,1.25,false,-1.14,3.35,false,-3.71,2.78,false
MAA,2025-10-17,box_bottom,132.70,bull,0.97,1.94,false,-3.37,2.66,false,-1.33,1.13,false
MAA,2026-03-17,box_bottom,128.07,bear,-4.89,-2.63,false,-4.65,-3.05,false,-3.03,4.35,false
MAA,2026-03-23,box_bottom,122.39,bear,-0.55,-3.57,true,1.56,0.59,true,2.74,7.43,false
MAA,2026-03-26,box_bottom,122.15,bear,2.23,1.66,true,3.47,5.33,false,2.87,10.67,false
MAA,2026-03-30,box_bottom,121.72,bear,2.12,4.31,false,3.80,9.89,false,7.11,12.61,false
MAA,2026-03-31,box_bottom,122.12,bear,3.25,3.95,false,1.70,7.63,false,6.22,9.42,false
MAS,2025-11-13,box_bottom,61.80,bull,-2.75,-2.90,true,4.97,1.69,true,3.46,1.45,true
MCD,2026-01-06,box_bottom,302.77,bull,2.20,0.28,true,0.96,-0.93,true,6.91,-0.81,true
MCD,2026-01-07,box_bottom,304.16,bull,1.31,0.11,true,0.61,-0.09,true,6.35,-1.73,true
MCD,2026-03-25,box_bottom,311.70,bear,-1.41,-0.24,false,-0.69,3.52,false,-2.94,7.86,false
MCD,2026-03-30,box_bottom,308.53,bear,-1.19,4.31,false,-1.72,9.89,false,-5.23,12.61,false
MCD,2026-04-30,box_bottom,293.59,bull,-3.37,1.80,false,-6.34,4.11,false,-4.90,5.26,false
MCD,2026-05-11,box_bottom,274.60,bull,2.87,-0.09,true,1.70,1.53,true,2.79,-0.30,true
MCD,2026-05-12,box_bottom,274.84,bull,2.17,-0.60,true,2.21,1.66,true,2.79,-1.73,true
MCD,2026-05-14,box_bottom,274.97,bull,3.35,-0.73,true,1.54,1.11,true,3.58,-0.86,true
MCD,2026-05-15,box_bottom,276.39,bull,2.13,0.88,true,-0.10,2.62,false,3.52,2.12,true
MCHP,2026-01-06,squeeze_breakout,74.87,bull,-1.07,0.28,false,1.78,-0.93,true,4.49,-0.81,true
MCK,2026-03-24,box_bottom,881.94,bear,-1.88,-0.43,false,-1.22,3.50,false,-5.98,8.88,false
MCK,2026-03-25,box_bottom,879.75,bear,-0.84,-0.24,false,-0.72,3.52,false,-4.96,7.86,false
MCK,2026-04-30,box_bottom,815.20,bull,-7.41,1.80,false,-8.34,4.11,false,-8.93,5.26,false
MDLZ,2025-11-10,box_bottom,56.25,bull,-1.21,-2.31,true,-0.11,-1.87,true,-3.80,0.23,false
MDLZ,2025-12-15,box_bottom,54.26,bull,0.09,0.60,false,1.01,0.92,true,5.47,1.41,true
MDT,2025-11-04,box_bottom,90.42,bull,5.51,1.15,true,11.48,-2.25,true,12.77,1.28,true
MDT,2025-11-05,box_bottom,90.40,bull,5.98,0.86,true,11.00,-2.21,true,12.82,1.01,true
MDT,2025-12-30,box_bottom,96.66,bull,3.22,0.37,true,2.15,0.49,true,4.49,1.02,true
MDT,2026-01-02,box_bottom,96.05,bull,1.54,1.60,false,0.74,1.24,false,6.93,1.79,true
MDT,2026-03-09,box_bottom,91.34,bear,-3.39,-1.36,false,-4.57,-3.37,false,-5.39,-2.81,false
META,2026-01-21,box_bottom,612.96,bull,9.10,1.46,true,9.14,0.12,true,5.19,-0.13,true
META,2026-03-23,box_bottom,604.06,bear,-11.20,-3.57,false,-4.80,0.59,false,10.72,7.43,true
META,2026-03-25,box_bottom,594.89,bear,-2.63,-0.24,false,5.63,3.52,true,10.80,7.86,true
MGM,2026-02-04,squeeze_breakout,36.93,bull,-1.54,0.84,false,-1.27,-0.25,false,0.54,-0.71,true
MGM,2026-05-18,box_bottom,37.09,bull,3.67,1.62,true,30.39,2.83,true,29.36,1.58,true
MGM,2026-05-20,box_bottom,36.51,bull,17.58,1.80,true,31.31,2.14,true,28.29,0.74,true
MKC,2026-05-05,box_bottom,48.49,bull,-3.42,1.99,false,-2.56,1.38,false,-4.54,4.21,false
MKC,2026-05-06,box_bottom,48.49,bull,-5.96,1.16,false,-3.69,1.01,false,-3.86,3.17,false
MKC,2026-05-08,box_bottom,48.32,bull,-4.08,0.21,false,-1.08,1.09,false,-1.47,0.22,false
MMM,2025-12-24,box_bottom,160.34,bull,0.92,-1.04,true,3.06,0.53,true,-0.51,0.34,false
MMM,2025-12-26,box_bottom,162.08,bull,0.91,-0.38,true,3.62,0.70,true,-2.49,0.75,false
MMM,2026-05-05,box_bottom,142.82,bull,0.27,1.99,false,4.58,1.38,true,6.18,4.21,true
MNST,2026-03-10,box_bottom,76.70,bear,1.16,-0.94,true,-4.82,-3.54,false,-2.03,-0.17,false
MNST,2026-05-08,squeeze_breakout,86.29,bull,0.93,0.21,true,0.58,1.09,false,2.53,0.22,true
MO,2026-03-25,box_bottom,63.78,bear,2.67,-0.24,true,5.77,3.52,true,5.28,7.86,false
MO,2026-03-26,box_bottom,64.62,bear,1.76,1.66,true,4.27,5.33,false,3.50,10.67,false
MRK,2026-03-20,box_bottom,114.18,bear,4.77,-2.23,true,5.84,1.60,true,2.56,9.27,false
MRK,2026-04-29,box_bottom,110.95,bull,2.35,3.13,false,2.25,4.32,false,8.06,6.05,true
MRSH,2026-05-07,box_bottom,166.03,bull,-3.62,2.27,false,-0.55,1.52,false,-0.36,0.82,false
MRSH,2026-05-12,box_bottom,163.39,bull,1.64,-0.60,true,-1.71,1.66,false,2.30,-1.73,true
MRSH,2026-05-14,box_bottom,160.02,bull,3.19,-0.73,true,-0.03,1.11,false,5.41,-0.86,true
MRSH,2026-05-15,box_bottom,161.05,bull,1.90,0.88,true,0.93,2.62,false,3.19,2.12,true
MRVL,2026-03-06,squeeze_breakout,89.57,bear,-1.91,-1.50,false,-1.85,-3.54,true,22.26,-2.00,true
MS,2026-01-05,squeeze_breakout,186.54,bull,0.02,1.08,false,-2.38,-1.47,false,-1.95,0.26,false
MSCI,2025-10-20,box_bottom,536.70,bull,1.89,2.08,false,8.27,1.79,true,3.96,-0.84,true
MSCI,2025-12-05,box_bottom,538.26,bull,2.38,-0.57,true,5.58,-0.74,true,9.05,0.89,true
MSFT,2025-11-25,box_bottom,476.99,bull,0.16,1.31,false,0.33,1.86,false,2.31,2.28,true
MSFT,2026-01-22,box_bottom,451.14,bull,-3.91,0.73,false,-12.74,-1.65,false,-11.95,0.07,false
MSFT,2026-05-29,squeeze_breakout,450.24,bull,-7.46,-2.50,false,-13.22,-1.95,false,-18.14,-2.05,false
MSI,2026-03-31,box_bottom,433.97,bear,3.17,3.95,false,1.44,7.63,false,-1.09,9.42,false
MSI,2026-04-01,box_bottom,434.13,bear,1.93,3.77,false,2.38,7.08,false,1.13,9.68,false
MTB,2025-10-13,box_bottom,182.70,bull,-0.34,1.25,false,0.12,3.35,false,3.04,2.78,true
MTB,2025-10-17,box_bottom,180.67,bull,2.52,1.94,true,1.77,2.66,false,3.48,1.13,true
MTB,2026-05-14,box_bottom,205.74,bull,3.20,-0.73,true,5.04,1.11,true,12.71,-0.86,true
MTB,2026-05-18,box_bottom,206.27,bull,4.34,1.62,true,5.34,2.83,true,10.70,1.58,true
MTB,2026-05-19,box_bottom,206.56,bull,4.13,2.28,true,3.62,2.80,true,9.34,0.99,true
MTD,2026-02-02,box_bottom,1385.61,bull,-0.34,-0.21,false,-2.34,-1.81,false,-4.97,-2.17,false
NDSN,2026-03-11,box_bottom,273.69,bear,-2.24,-2.20,false,-1.04,-2.88,true,0.94,0.53,true
NDSN,2026-03-17,box_bottom,271.00,bear,-0.67,-2.63,true,-1.82,-3.05,true,1.48,4.35,false
NFLX,2026-06-05,box_bottom,82.18,bull,-2.24,0.57,false,-11.32,0.93,false,-7.30,1.38,false
NFLX,2026-06-10,box_bottom,82.00,bull,-6.15,2.14,false,-13.54,1.22,false,-10.52,4.07,false
NKE,2026-05-18,box_bottom,42.57,bull,5.57,1.62,true,2.72,2.83,false,5.80,1.58,true
NOC,2025-11-11,box_bottom,566.74,bull,0.00,-3.36,true,0.47,-1.17,true,-2.01,0.67,false
NOC,2025-11-14,box_bottom,558.00,bull,1.56,-1.92,true,-2.24,1.24,false,3.19,1.31,true
NOC,2025-11-17,box_bottom,563.03,bear,0.45,0.46,false,-2.85,2.38,false,1.01,1.98,false
NOC,2026-03-24,box_bottom,682.16,bear,0.01,-0.43,true,0.78,3.50,false,-13.57,8.88,false
NOC,2026-03-25,box_bottom,691.21,bear,0.84,-0.24,true,-0.09,3.52,false,-14.98,7.86,false
NOC,2026-03-31,box_bottom,682.24,bear,0.77,3.95,false,-0.53,7.63,false,-16.10,9.42,false
NOW,2025-12-29,box_bottom,154.58,bull,-3.73,0.58,false,-10.60,0.86,false,-16.15,1.10,false
NSC,2025-10-27,box_bottom,281.64,bull,0.19,-0.28,true,1.87,-0.55,true,0.52,-2.41,true
NSC,2025-10-30,box_bottom,281.62,bull,0.17,-1.40,true,0.68,-1.15,true,3.72,0.52,true
NSC,2025-10-31,box_bottom,283.38,bull,0.31,-1.63,true,0.21,-1.49,true,2.28,-0.26,true
NSC,2026-03-20,box_bottom,281.09,bear,0.77,-2.23,true,2.48,1.60,true,8.20,9.27,false
NSC,2026-03-25,box_bottom,282.61,bear,1.55,-0.24,true,4.49,3.52,true,13.74,7.86,true
NTAP,2026-01-06,box_bottom,106.62,bull,0.62,0.28,true,-8.94,-0.93,false,-5.71,-0.81,false
NTAP,2026-01-08,box_bottom,105.55,bull,2.70,0.40,true,-7.70,-0.04,false,-2.09,0.16,false
NTAP,2026-01-09,box_bottom,105.39,bull,-1.47,-0.35,false,-6.24,-0.19,false,-1.62,-0.02,false
NUE,2026-02-26,box_bottom,175.61,bull,-2.00,-1.16,false,-5.66,-3.37,false,-5.47,-6.41,true
O,2025-11-11,box_bottom,57.16,bull,0.31,-3.36,true,-0.77,-1.17,true,-0.86,0.67,false
O,2026-03-26,box_bottom,60.27,bear,3.22,1.66,true,5.77,5.33,true,5.08,10.67,false
O,2026-03-27,box_bottom,60.69,bear,1.88,3.92,false,4.33,8.20,false,3.39,12.79,false
O,2026-03-30,box_bottom,61.15,bear,1.77,4.31,false,4.35,9.89,false,3.92,12.61,false
O,2026-03-31,box_bottom,61.18,bear,2.63,3.95,false,4.54,7.63,false,3.45,9.42,false
OKE,2025-10-17,box_bottom,68.09,bull,0.76,1.94,false,-1.60,2.66,false,3.52,1.13,true
OKE,2025-10-20,box_bottom,68.53,bull,1.11,2.08,false,-4.63,1.79,false,0.48,-0.84,true
OKE,2026-03-20,squeeze_breakout,89.21,bear,5.32,-2.23,true,-0.80,1.60,false,-6.09,9.27,false
ON,2026-01-05,squeeze_breakout,58.69,bull,0.10,1.08,false,2.33,-1.47,true,1.26,0.26,true
ORCL,2026-05-29,squeeze_breakout,225.78,bull,-5.36,-2.50,false,-18.45,-1.95,false,-34.56,-2.05,false
ORLY,2025-12-22,box_bottom,91.75,bull,-0.31,0.32,false,-0.98,0.69,false,7.77,0.61,true
ORLY,2025-12-23,box_bottom,92.07,bull,-0.93,-0.88,false,-0.48,0.23,false,7.78,0.18,true
ORLY,2026-03-23,box_bottom,88.70,bear,3.84,-3.57,true,3.00,0.59,true,5.76,7.43,false
ORLY,2026-04-30,squeeze_breakout,99.40,bull,-4.85,1.80,false,-9.78,4.11,false,-12.60,5.26,false
OTIS,2025-11-20,box_bottom,86.86,bear,2.29,4.73,false,-0.47,5.08,false,0.23,4.30,false
OTIS,2025-11-21,box_bottom,88.06,bear,0.10,3.22,false,-2.20,3.73,false,-0.93,3.91,false
OTIS,2026-03-16,box_bottom,83.61,bear,-5.47,-2.04,false,-8.71,-5.54,false,-2.05,3.80,false
OTIS,2026-03-17,box_bottom,84.14,bear,-7.31,-2.63,false,-8.39,-3.05,false,-3.73,4.35,false
OTIS,2026-05-06,box_bottom,76.71,bull,-4.52,1.16,false,-7.09,1.01,false,-8.94,3.17,false
PAYX,2025-11-04,box_bottom,115.14,bull,-3.04,1.15,false,-4.50,-2.25,false,-1.52,1.28,false
PAYX,2025-11-05,box_bottom,116.50,bull,-4.65,0.86,false,-5.97,-2.21,false,-4.06,1.01,false
PAYX,2026-01-30,box_bottom,103.13,bull,-4.46,-0.20,false,-8.48,-1.48,false,-8.61,-0.81,false
PAYX,2026-02-02,box_bottom,102.47,bull,-4.27,-0.21,false,-8.98,-1.81,false,-6.74,-2.17,false
PCAR,2026-03-16,box_bottom,115.63,bear,-1.13,-2.04,true,-2.73,-5.54,true,8.48,3.80,true
PCAR,2026-03-17,box_bottom,115.43,bear,0.32,-2.63,true,0.06,-3.05,true,6.97,4.35,true
PCAR,2026-05-12,box_bottom,113.03,bull,-3.23,-0.60,false,-0.68,1.66,false,0.85,-1.73,true
PCAR,2026-05-14,box_bottom,112.60,bull,-2.90,-0.73,false,-1.98,1.11,false,5.26,-0.86,true
PCG,2025-12-04,box_bottom,15.33,bull,-3.26,0.70,false,3.20,-1.16,true,5.22,0.49,true
PCG,2025-12-10,box_bottom,15.08,bull,3.98,-2.35,true,4.91,0.41,true,5.11,0.95,true
PCG,2026-03-25,box_bottom,17.44,bear,1.78,-0.24,true,6.82,3.52,true,-3.50,7.86,false
PCG,2026-03-30,box_bottom,17.48,bear,0.80,4.31,false,0.46,9.89,false,-6.98,12.61,false
PCG,2026-05-01,box_bottom,16.45,bull,-2.31,2.35,false,-1.95,2.57,false,-1.82,5.26,false
PCG,2026-05-05,box_bottom,16.33,bull,2.94,1.99,true,0.49,1.38,false,3.18,4.21,false
PEP,2026-01-08,box_bottom,139.37,bull,5.17,0.40,true,3.74,-0.04,true,22.33,0.16,true
PEP,2026-03-23,box_bottom,150.88,bear,3.94,-3.57,true,1.54,0.59,true,2.68,7.43,false
PEP,2026-03-24,box_bottom,150.59,bear,3.12,-0.43,true,2.80,3.50,false,2.12,8.88,false
PEP,2026-03-25,box_bottom,151.73,bear,1.92,-0.24,true,3.80,3.52,true,2.62,7.86,false
PEP,2026-03-26,box_bottom,150.83,bear,4.10,1.66,true,4.13,5.33,false,3.06,10.67,false
PEP,2026-03-27,box_bottom,153.04,bear,2.41,3.92,false,1.86,8.20,false,0.69,12.79,false
PEP,2026-05-21,box_bottom,148.85,bull,-3.13,1.85,false,-4.66,-0.70,false,-5.47,0.22,false
PEP,2026-06-03,box_bottom,142.54,bull,1.25,-3.82,true,-0.67,-1.76,true,1.18,-1.25,true
PEP,2026-06-09,box_bottom,142.78,bull,2.34,1.80,true,-0.36,-0.52,true,-3.45,1.99,false
PFE,2026-05-12,box_bottom,25.87,bull,-0.81,-0.60,false,1.31,1.66,false,-1.04,-1.73,true
PFE,2026-05-19,box_bottom,25.66,bull,2.14,2.28,false,-1.25,2.80,false,1.01,0.99,true
PFE,2026-07-07,box_bottom,24.07,bull,0.75,0.55,true,0.00,0.00,false,0.00,0.00,false
PFG,2026-03-23,box_bottom,86.55,bear,1.94,-3.57,true,5.21,0.59,true,10.61,7.43,true
PG,2025-11-07,box_bottom,146.98,bull,0.47,0.14,true,2.68,-1.78,true,-5.88,1.89,false
PG,2026-03-16,box_bottom,152.12,bear,-5.34,-2.04,false,-4.86,-5.54,true,-5.09,3.80,false
PG,2026-03-17,box_bottom,151.48,bear,-5.49,-2.63,false,-4.65,-3.05,false,-5.35,4.35,false
PGR,2025-10-22,box_bottom,222.63,bull,-6.58,2.93,false,-6.15,1.46,false,0.13,-0.77,true
PGR,2026-04-06,box_bottom,196.38,bear,1.62,4.12,false,3.77,7.56,false,1.46,8.97,false
PH,2026-03-23,box_bottom,906.06,bear,-4.92,-3.57,false,0.76,0.59,true,7.35,7.43,false
PH,2026-05-12,box_bottom,881.34,bull,-3.27,-0.60,false,-2.80,1.66,false,-0.65,-1.73,true
PKG,2025-10-20,box_bottom,205.88,bull,0.35,2.08,false,-5.00,1.79,false,-4.47,-0.84,false
PLD,2026-03-23,box_bottom,130.31,bear,-1.17,-3.57,true,2.23,0.59,true,8.91,7.43,true
PM,2026-03-10,box_bottom,172.87,bear,-0.02,-0.94,true,-5.21,-3.54,false,-6.90,-0.17,false
PNC,2025-10-13,box_bottom,186.92,bull,-2.54,1.25,false,-1.10,3.35,false,-0.98,2.78,false
PNC,2026-03-02,box_bottom,214.23,bear,-4.15,-1.18,false,-6.29,-2.53,false,-5.87,-7.93,true
PNC,2026-05-14,box_bottom,213.45,bull,2.30,-0.73,true,3.59,1.11,true,11.34,-0.86,true
PNW,2025-11-07,box_bottom,87.97,bull,0.48,0.14,true,1.34,-1.78,true,-0.74,1.89,false
PNW,2025-11-10,box_bottom,87.71,bull,1.65,-2.31,true,1.97,-1.87,true,-0.81,0.23,false
PNW,2026-03-26,box_bottom,98.56,bear,4.20,1.66,true,5.10,5.33,false,3.79,10.67,false
PPG,2025-10-13,box_bottom,98.86,bull,3.35,1.25,true,6.67,3.35,true,-2.96,2.78,false
PPG,2025-10-15,box_bottom,99.56,bull,2.61,0.40,true,-0.43,3.34,false,-2.08,2.74,false
PPG,2025-11-11,box_bottom,95.91,bull,-1.14,-3.36,true,3.85,-1.17,true,4.72,0.67,true
PPL,2025-11-05,box_bottom,36.37,bull,1.40,0.86,true,-2.25,-2.21,false,-6.08,1.01,false
PPL,2025-12-11,box_bottom,33.46,bull,3.86,-1.84,true,4.84,0.17,true,4.00,0.87,true
PPL,2026-05-11,box_bottom,36.24,bull,-3.61,-0.09,false,-0.33,1.53,false,-1.35,-0.30,false
PPL,2026-05-12,box_bottom,36.35,bull,-3.03,-0.60,false,-1.40,1.66,false,-2.12,-1.73,false
PPL,2026-05-19,box_bottom,35.25,bull,1.67,2.28,false,-0.65,2.80,false,0.23,0.99,false
PPL,2026-05-20,box_bottom,35.44,bull,-0.31,1.80,false,-0.79,2.14,false,-0.17,0.74,false
PSA,2025-11-11,box_bottom,277.86,bull,-2.29,-3.36,true,-1.99,-1.17,false,-3.69,0.67,false
PSA,2025-12-24,box_bottom,262.08,bull,-1.39,-1.04,false,6.13,0.53,true,6.36,0.34,true
PSX,2025-12-29,box_bottom,128.59,bull,6.27,0.58,true,7.08,0.86,true,10.49,1.10,true
PSX,2025-12-30,box_bottom,129.56,bull,6.42,0.37,true,9.13,0.49,true,11.21,1.02,true
PTC,2026-03-26,box_bottom,144.01,bear,-0.94,1.66,false,-7.34,5.33,false,-4.75,10.67,false
PYPL,2026-01-14,box_bottom,57.66,bull,-0.88,-0.20,false,-7.89,0.53,false,-32.22,-1.32,false
PYPL,2026-01-21,box_bottom,55.89,bull,-3.24,1.46,false,-26.59,0.12,false,-25.34,-0.13,false
Q,2026-05-11,squeeze_breakout,153.24,bull,-2.75,-0.09,false,7.39,1.53,true,-5.57,-0.30,false
QCOM,2026-03-19,box_bottom,131.28,bear,-0.56,-2.23,true,-3.41,-0.60,false,3.75,7.63,false
QCOM,2026-03-31,box_bottom,128.78,bear,-0.99,3.95,false,3.32,7.63,false,21.14,9.42,true
REG,2025-12-15,box_bottom,68.25,bull,1.26,0.60,true,1.98,0.92,true,2.45,1.41,true
REG,2026-03-30,box_bottom,74.89,bear,3.26,4.31,false,6.25,9.89,false,7.24,12.61,false
REG,2026-05-18,box_bottom,77.33,bull,2.15,1.62,true,-1.68,2.83,false,2.03,1.58,true
RF,2025-10-13,box_bottom,24.56,bull,-2.04,1.25,false,-1.30,3.35,false,1.95,2.78,false
RF,2026-03-02,box_bottom,27.97,bear,-3.61,-1.18,false,-9.44,-2.53,false,-9.76,-7.93,false
RJF,2025-10-14,box_bottom,162.54,bull,1.97,1.37,true,-1.75,3.75,false,0.60,3.14,false
RMD,2025-11-03,box_bottom,248.95,bull,0.46,-0.28,true,-1.70,-2.59,true,0.76,-0.26,true
RMD,2026-04-30,box_bottom,213.81,bull,-3.24,1.80,false,-5.31,4.11,false,-10.87,5.26,false
ROK,2026-05-05,squeeze_breakout,435.93,bull,4.39,1.99,true,-3.13,1.38,false,5.92,4.21,true
ROL,2025-10-17,box_bottom,55.82,bull,1.40,1.94,false,3.21,2.66,true,4.30,1.13,true
ROP,2026-01-16,box_bottom,416.14,bull,-1.80,0.15,false,-10.46,0.54,false,-24.18,-1.27,false
ROP,2026-01-22,box_bottom,407.48,bull,-10.43,0.73,false,-13.86,-1.65,false,-17.59,0.07,false
ROP,2026-01-23,box_bottom,407.61,bull,-8.93,0.40,false,-11.09,0.20,false,-17.64,-0.99,false
ROP,2026-01-26,box_bottom,408.67,bull,-8.82,0.39,false,-13.94,0.18,false,-17.37,-0.78,false
ROST,2025-11-21,squeeze_breakout,174.00,bear,2.01,3.22,false,2.41,3.73,false,3.84,3.91,false
RSG,2025-11-04,box_bottom,207.74,bull,-0.29,1.15,false,2.99,-2.25,true,3.67,1.28,true
RSG,2025-11-07,box_bottom,205.59,bull,2.05,0.14,true,6.52,-1.78,true,2.85,1.89,true
RSG,2026-03-25,box_bottom,215.55,bear,2.37,-0.24,true,0.67,3.52,false,-0.70,7.86,false
RSG,2026-03-26,box_bottom,217.27,bear,2.72,1.66,true,-1.20,5.33,false,-3.44,10.67,false
RTX,2026-03-25,box_bottom,195.00,bear,-0.14,-0.24,true,4.20,3.52,true,-8.05,7.86,false
SBAC,2025-10-10,box_bottom,189.10,bull,3.79,1.74,true,5.07,3.71,true,4.39,2.75,true
SBAC,2025-12-03,box_bottom,187.34,bull,1.00,0.54,true,1.93,-1.83,true,2.74,-0.11,true
SBAC,2025-12-04,box_bottom,190.00,bull,1.49,0.70,true,0.19,-1.16,true,0.03,0.49,false
SBAC,2026-05-18,box_bottom,203.34,bull,-0.79,1.62,false,-3.51,2.83,false,-3.74,1.58,false
SBAC,2026-06-26,box_bottom,183.76,bear,-1.74,3.06,false,1.82,2.77,false,0.00,0.00,false
SBUX,2026-06-05,box_bottom,95.29,bull,8.13,0.57,true,5.10,0.93,true,8.73,1.38,true
SHW,2026-03-09,box_bottom,333.40,bear,-3.21,-1.36,false,-5.83,-3.37,false,-5.83,-2.81,false
SHW,2026-05-14,box_bottom,309.18,bull,0.05,-0.73,true,-1.73,1.11,false,2.63,-0.86,true
SJM,2025-12-05,box_bottom,100.11,bull,1.46,-0.57,true,-1.42,-0.74,false,-4.20,0.89,false
SJM,2025-12-08,box_bottom,100.68,bull,0.99,-0.42,true,-1.52,0.18,false,-5.16,0.87,false
SJM,2026-01-06,box_bottom,95.91,bull,5.94,0.28,true,6.55,-0.93,true,13.16,-0.81,true
SJM,2026-01-07,box_bottom,95.48,bull,9.27,0.11,true,6.91,-0.09,true,14.45,-1.73,true
SJM,2026-02-26,squeeze_breakout,116.00,bull,-4.02,-1.16,false,-8.62,-3.37,false,-18.01,-6.41,false
SJM,2026-06-09,squeeze_breakout,112.39,bull,3.20,1.80,true,-0.68,-0.52,false,-1.35,1.99,false
SLB,2026-01-02,squeeze_breakout,40.20,bull,12.44,1.60,true,16.24,1.24,true,19.53,1.79,true
SNA,2026-03-19,box_bottom,360.77,bear,0.34,-2.23,true,1.33,-0.60,true,5.41,7.63,false
SNA,2026-03-23,box_bottom,362.55,bear,-1.64,-3.57,true,1.14,0.59,true,5.80,7.43,false
SNPS,2026-01-05,squeeze_breakout,494.19,bull,7.94,1.08,true,3.40,-1.47,true,-15.19,0.26,false
SO,2025-11-07,box_bottom,91.44,bull,-0.82,0.14,false,-2.37,-1.78,false,-6.43,1.89,false
SO,2025-11-12,box_bottom,91.89,bull,-3.09,-3.04,false,-1.80,-0.54,false,-7.79,0.85,false
SO,2025-11-17,box_bottom,90.58,bear,-1.59,0.46,false,-1.70,2.38,false,-5.38,1.98,false
SO,2025-11-21,box_bottom,89.27,bear,-0.29,3.22,false,-4.16,3.73,false,-3.98,3.91,false
SO,2025-11-24,box_bottom,89.14,bear,-0.11,1.91,false,-4.09,2.14,false,-3.09,2.88,false
SO,2025-11-25,box_bottom,89.29,bull,-1.47,1.31,false,-5.83,1.86,false,-2.37,2.28,false
SO,2025-12-11,box_bottom,84.73,bull,2.94,-1.84,true,2.88,0.17,true,2.37,0.87,true
SOLV,2025-11-04,box_bottom,68.59,bull,7.71,1.15,true,12.10,-2.25,true,24.29,1.28,true
SOLV,2026-01-30,box_bottom,76.97,bull,1.49,-0.20,true,-1.84,-1.48,false,-5.16,-0.81,false
SOLV,2026-02-02,box_bottom,76.91,bull,1.51,-0.21,true,-4.13,-1.81,false,-7.93,-2.17,false
SOLV,2026-02-04,box_bottom,76.49,bull,6.54,0.84,true,-3.77,-0.25,false,-7.47,-0.71,false
SOLV,2026-02-05,box_bottom,76.98,bear,-1.34,0.54,false,-5.25,1.74,false,-9.83,-0.77,false
SOLV,2026-07-16,squeeze_breakout,81.70,bull,0.00,0.00,false,0.00,0.00,false,0.00,0.00,false
SPG,2026-03-16,box_bottom,189.33,bear,-4.14,-2.04,false,-3.69,-5.54,true,7.20,3.80,true
SPG,2026-03-25,box_bottom,181.57,bear,3.59,-0.24,true,9.58,3.52,true,12.17,7.86,true
SPG,2026-03-26,box_bottom,181.80,bear,3.78,1.66,true,10.32,5.33,true,10.65,10.67,false
SRE,2025-12-16,box_bottom,87.91,bull,0.88,1.34,false,0.43,0.45,false,4.16,1.97,true
SRE,2025-12-19,box_bottom,86.94,bull,2.27,1.07,true,0.87,1.65,false,-1.10,0.71,false
SRE,2026-04-24,box_bottom,93.20,bull,1.58,0.94,true,-1.79,3.32,false,-0.43,4.44,false
SRE,2026-04-28,box_bottom,92.90,bull,1.58,1.70,false,0.55,3.72,false,-1.77,5.45,false
STE,2025-12-19,box_bottom,254.34,bull,0.74,1.07,false,2.24,1.65,true,2.69,0.71,true
STE,2026-06-18,box_bottom,202.61,bull,6.45,-2.38,true,5.27,0.61,true,0.00,0.00,false
STX,2026-01-06,squeeze_breakout,330.42,bull,-3.63,0.28,false,4.18,-0.93,true,26.70,-0.81,true
STZ,2025-10-31,box_bottom,131.38,bull,-2.84,-1.63,false,-1.69,-1.49,false,4.94,-0.26,true
STZ,2025-11-05,box_bottom,130.62,bull,-0.18,0.86,false,-1.03,-2.21,true,5.67,1.01,true
STZ,2025-11-10,box_bottom,128.47,bull,1.94,-2.31,true,2.83,-1.87,true,11.60,0.23,true
STZ,2026-05-05,box_bottom,149.80,bull,-4.85,1.99,false,-2.22,1.38,false,-9.61,4.21,false
STZ,2026-07-09,box_bottom,132.44,bull,2.48,-0.13,true,0.00,0.00,false,0.00,0.00,false
SYY,2025-11-05,box_bottom,73.18,bull,3.06,0.86,true,3.48,-2.21,true,0.36,1.01,false
SYY,2026-03-24,box_bottom,82.34,bear,-13.37,-0.43,false,-8.73,3.50,false,-8.27,8.88,false
T,2025-12-17,box_bottom,24.36,bear,1.23,2.83,false,0.82,1.75,false,-3.57,3.02,false
T,2025-12-22,box_bottom,24.30,bull,2.10,0.32,true,-1.36,0.69,false,-2.96,0.61,false
T,2026-01-21,box_bottom,23.50,bull,2.43,1.46,true,15.83,0.12,true,18.64,-0.13,true
TAP,2025-10-31,box_bottom,43.72,bull,5.97,-1.63,true,6.22,-1.49,true,7.30,-0.26,true
TAP,2025-11-04,box_bottom,43.67,bull,7.99,1.15,true,6.37,-2.25,true,5.89,1.28,true
TDG,2025-12-19,box_bottom,1276.83,bull,3.06,1.07,true,8.42,1.65,true,13.56,0.71,true
TDY,2026-03-23,box_bottom,623.80,bear,-6.37,-3.57,false,1.81,0.59,true,3.04,7.43,false
TDY,2026-03-24,box_bottom,626.06,bear,-3.36,-0.43,false,5.47,3.50,true,4.89,8.88,false
TDY,2026-03-25,box_bottom,625.37,bear,-1.18,-0.24,false,4.73,3.52,true,4.22,7.86,false
TEL,2025-10-21,squeeze_breakout,228.22,bull,3.65,2.35,true,6.72,0.59,true,1.45,-1.67,true
TER,2025-10-29,squeeze_breakout,173.94,bull,7.85,-1.43,true,3.06,-0.58,true,3.13,-1.12,true
TER,2026-01-05,squeeze_breakout,219.50,bull,2.21,1.08,true,2.04,-1.47,true,28.92,0.26,true
TFC,2025-10-13,box_bottom,42.95,bull,1.16,1.25,false,3.91,3.35,true,5.05,2.78,true
TFC,2026-05-14,box_bottom,47.13,bull,1.61,-0.73,true,2.29,1.11,true,9.61,-0.86,true
TFC,2026-05-18,box_bottom,47.05,bull,3.46,1.62,true,2.27,2.83,false,4.42,1.58,true
TJX,2026-01-30,box_bottom,149.81,bull,4.04,-0.20,true,3.10,-1.48,true,6.76,-0.81,true
TJX,2026-04-30,box_bottom,156.75,bull,-1.45,1.80,false,-6.00,4.11,false,-1.28,5.26,false
TJX,2026-05-12,box_bottom,150.26,bull,0.28,-0.60,true,4.49,1.66,true,11.58,-1.73,true
TJX,2026-07-07,box_bottom,154.11,bull,-2.45,0.55,false,0.00,0.00,false,0.00,0.00,false
TJX,2026-07-10,box_bottom,151.34,bull,2.06,-1.54,true,0.00,0.00,false,0.00,0.00,false
TKO,2025-10-22,box_bottom,186.97,bull,-0.20,2.93,false,0.14,1.46,false,0.75,-0.77,true
TKO,2025-10-23,box_bottom,186.85,bull,0.50,1.20,false,-3.13,-0.22,false,-5.54,-2.86,false
TKO,2026-04-22,box_bottom,186.26,bull,-1.37,0.05,false,2.26,3.18,false,4.31,4.22,true
TMUS,2025-12-15,box_bottom,196.16,bull,-0.20,0.60,false,3.89,0.92,true,-2.11,1.41,false
TMUS,2025-12-16,box_bottom,198.00,bull,-0.17,1.34,false,2.55,0.45,true,-3.71,1.97,false
TMUS,2026-01-22,box_bottom,185.39,bull,2.10,0.73,true,8.88,-1.65,true,16.22,0.07,true
TMUS,2026-01-23,box_bottom,186.03,bull,6.01,0.40,true,6.11,0.20,true,18.23,-0.99,true
TRMB,2025-10-13,box_bottom,77.06,bull,1.97,1.25,true,5.27,3.35,true,3.43,2.78,true
TROW,2026-01-05,squeeze_breakout,106.49,bull,0.33,1.08,false,-2.64,-1.47,false,-3.60,0.26,false
TRV,2026-01-14,box_bottom,272.74,bull,2.10,-0.20,true,4.23,0.53,true,9.05,-1.32,true
TRV,2026-01-21,box_bottom,272.65,bull,3.44,1.46,true,8.28,0.12,true,9.99,-0.13,true
TSCO,2025-10-10,box_bottom,54.24,bull,1.77,1.74,true,3.76,3.71,true,0.06,2.75,false
TSCO,2026-03-09,box_bottom,50.67,bear,-3.73,-1.36,false,-9.87,-3.37,false,-13.87,-2.81,false
TT,2025-12-19,box_bottom,389.84,bull,1.12,1.07,true,-2.24,1.65,false,1.41,0.71,true
TTWO,2026-01-22,box_bottom,241.10,bull,-0.76,0.73,false,-19.85,-1.65,false,-17.16,0.07,false
TTWO,2026-03-25,box_bottom,193.05,bear,2.67,-0.24,true,2.59,3.52,false,8.73,7.86,true
TTWO,2026-03-30,box_bottom,193.08,bear,2.72,4.31,false,6.23,9.89,false,10.32,12.61,false
TTWO,2026-06-09,box_bottom,212.05,bull,8.45,1.80,true,11.19,-0.52,true,16.06,1.99,true
TXN,2026-01-06,squeeze_breakout,192.10,bull,-1.86,0.28,false,1.20,-0.93,true,16.04,-0.81,true
TXT,2026-03-23,box_bottom,89.03,bear,-3.46,-3.57,true,-1.52,0.59,false,1.98,7.43,false
TXT,2026-04-30,squeeze_breakout,95.96,bull,-4.55,1.80,false,-4.61,4.11,false,-4.38,5.26,false
UAL,2026-01-29,box_bottom,103.94,bull,2.07,-2.37,true,5.16,-1.84,true,2.27,-1.16,true
UBER,2026-02-02,box_bottom,80.84,bull,-8.57,-0.21,false,-12.75,-1.81,false,-5.54,-2.17,false
UBER,2026-05-28,box_bottom,70.92,bull,1.82,0.33,true,-1.93,-2.23,true,7.45,-3.39,true
UDR,2025-10-10,box_bottom,35.71,bull,1.06,1.74,false,1.48,3.71,false,-3.47,2.75,false
UDR,2026-03-17,box_bottom,35.81,bear,-4.75,-2.63,false,-5.67,-3.05,false,-2.65,4.35,false
UDR,2026-03-26,box_bottom,34.07,bear,1.67,1.66,true,3.05,5.33,false,2.05,10.67,false
UDR,2026-03-30,box_bottom,33.66,bear,3.12,4.31,false,4.34,9.89,false,7.58,12.61,false
UDR,2026-03-31,box_bottom,33.78,bear,3.67,3.95,false,3.20,7.63,false,7.05,9.42,false
UDR,2026-04-01,box_bottom,34.24,bear,1.81,3.77,false,0.03,7.08,false,6.13,9.68,false
ULTA,2025-10-23,box_bottom,524.48,bull,-2.83,1.20,false,-2.79,-0.22,false,-5.35,-2.86,false
ULTA,2025-10-27,box_bottom,522.82,bull,-1.03,-0.28,false,-1.20,-0.55,false,-1.57,-2.41,true
ULTA,2025-10-30,box_bottom,509.66,bull,0.04,-1.40,true,4.75,-1.15,true,5.72,0.52,true
UNH,2026-03-30,box_bottom,261.79,bear,17.55,4.31,true,20.02,9.89,true,40.10,12.61,true
UNP,2025-10-27,box_bottom,218.23,bull,0.27,-0.28,true,2.59,-0.55,true,2.87,-2.41,true
UNP,2025-10-30,box_bottom,218.83,bull,-0.38,-1.40,true,1.21,-1.15,true,5.94,0.52,true
UNP,2025-10-31,box_bottom,220.37,bull,0.50,-1.63,true,1.20,-1.49,true,4.99,-0.26,true
UNP,2026-03-23,box_bottom,238.37,bear,0.36,-3.57,true,3.25,0.59,true,5.40,7.43,false
USB,2025-10-13,box_bottom,46.16,bull,2.04,1.25,true,3.55,3.35,true,3.08,2.78,true
USB,2026-03-04,box_bottom,54.34,bear,-3.88,-1.28,false,-5.56,-3.46,false,-2.93,-4.36,true
USB,2026-05-14,box_bottom,53.42,bull,2.13,-0.73,true,2.68,1.11,true,10.33,-0.86,true
V,2025-11-20,box_bottom,323.77,bear,3.30,4.73,false,2.31,5.08,false,7.87,4.30,true
V,2026-01-23,box_bottom,326.18,bull,-1.33,0.40,false,1.66,0.20,true,-6.03,-0.99,false
V,2026-03-20,box_bottom,301.62,bear,-2.02,-2.23,true,0.57,1.60,false,4.08,9.27,false
V,2026-03-23,box_bottom,304.44,bear,-1.61,-3.57,true,-0.62,0.59,false,1.81,7.43,false
VICI,2025-10-17,box_bottom,30.86,bull,1.07,1.94,false,-2.82,2.66,false,-1.62,1.13,false
VICI,2025-11-26,box_bottom,28.83,bull,-2.88,0.69,false,-2.46,1.40,false,-2.43,1.56,false
VICI,2025-12-08,box_bottom,27.92,bull,2.44,-0.42,true,-0.21,0.18,false,-1.29,0.87,false
VICI,2025-12-11,box_bottom,28.12,bull,-0.07,-1.84,true,0.04,0.17,false,-0.82,0.87,false
VICI,2026-03-24,box_bottom,27.30,bear,0.07,-0.43,true,1.58,3.50,false,3.30,8.88,false
VICI,2026-03-26,box_bottom,27.16,bear,1.84,1.66,true,3.50,5.33,false,4.64,10.67,false
VICI,2026-03-30,box_bottom,27.11,bear,2.66,4.31,false,4.61,9.89,false,5.68,12.61,false
VLO,2025-10-17,box_bottom,157.77,bull,8.42,1.94,true,7.47,2.66,true,15.21,1.13,true
VLO,2025-12-22,box_bottom,163.55,bull,0.80,0.32,true,12.42,0.69,true,14.27,0.61,true
VLO,2025-12-23,box_bottom,164.77,bull,-1.20,-0.88,false,16.11,0.23,true,13.55,0.18,true
VLTO,2026-03-19,box_bottom,89.66,bear,-3.65,-2.23,false,-1.84,-0.60,false,1.47,7.63,false
VRSN,2025-10-14,box_bottom,265.01,bull,0.55,1.37,false,-9.30,3.75,false,-6.16,3.14,false
VRSN,2026-06-16,box_bottom,273.87,bull,-7.96,-2.28,false,-6.56,-0.61,false,0.49,0.05,true
VTR,2026-01-12,box_bottom,75.68,bull,3.30,-2.53,true,0.36,0.05,true,10.86,-0.44,true
VTR,2026-06-04,box_bottom,79.10,bull,6.06,-2.55,true,3.16,-1.37,true,16.57,-0.77,true
VZ,2026-04-15,box_bottom,45.03,bull,2.11,1.61,true,3.51,1.66,true,4.84,6.05,false
WAT,2025-12-19,box_bottom,378.03,bull,1.87,1.07,true,5.95,1.65,true,4.94,0.71,true
WDC,2025-10-29,squeeze_breakout,141.38,bull,13.24,-1.43,true,17.49,-0.58,true,11.57,-1.12,true
WDC,2026-01-06,squeeze_breakout,219.38,bull,-2.45,0.28,false,10.27,-0.93,true,22.81,-0.81,true
WEC,2025-11-04,box_bottom,111.87,bull,0.56,1.15,false,-0.24,-2.25,true,-4.09,1.28,false
WEC,2025-12-15,box_bottom,105.26,bull,-0.37,0.60,false,0.79,0.92,false,1.72,1.41,true
WELL,2025-12-22,box_bottom,186.43,bull,0.84,0.32,true,-0.42,0.69,false,-2.40,0.61,false
WELL,2025-12-23,box_bottom,186.86,bull,-0.67,-0.88,true,-0.29,0.23,false,-1.70,0.18,false
WFC,2025-10-13,box_bottom,78.92,bull,9.00,1.25,true,10.25,3.35,true,9.10,2.78,true
WM,2025-11-04,box_bottom,200.68,bull,1.29,1.15,true,5.29,-2.25,true,7.71,1.28,true
WM,2025-11-05,box_bottom,200.54,bull,1.63,0.86,true,7.54,-2.21,true,6.81,1.01,true
WM,2026-01-21,squeeze_breakout,226.49,bull,2.26,1.46,true,-0.03,0.12,false,3.06,-0.13,true
WM,2026-03-26,box_bottom,226.51,bear,3.93,1.66,true,1.30,5.33,false,1.33,10.67,false
WMB,2025-10-30,box_bottom,57.62,bull,0.56,-1.40,true,3.42,-1.15,true,5.74,0.52,true
WMB,2025-10-31,box_bottom,57.87,bull,2.95,-1.63,true,5.39,-1.49,true,6.17,-0.26,true
WMB,2025-11-05,box_bottom,57.54,bull,5.02,0.86,true,2.35,-2.21,true,10.64,1.01,true
WMT,2025-11-20,squeeze_breakout,107.11,bear,3.17,4.73,false,7.47,5.08,true,6.77,4.30,true
WRB,2026-03-25,box_bottom,64.49,bear,1.22,-0.24,true,4.22,3.52,true,6.14,7.86,false
WRB,2026-03-26,box_bottom,65.26,bear,1.12,1.66,false,0.67,5.33,false,1.95,10.67,false
WRB,2026-03-27,box_bottom,64.74,bear,2.19,3.92,false,3.43,8.20,false,2.26,12.79,false
WST,2026-01-21,box_bottom,255.16,bull,-7.55,1.46,false,-7.10,0.12,false,-4.44,-0.13,false
WTW,2026-01-29,box_bottom,316.25,bull,3.50,-2.37,true,-10.52,-1.84,false,-3.50,-1.16,false
WY,2025-10-21,box_bottom,23.71,bull,0.13,2.35,false,-4.72,0.59,false,-9.03,-1.67,false
WY,2025-11-18,box_bottom,21.57,bear,2.64,2.26,true,1.39,3.61,false,10.01,1.71,true
WY,2026-02-26,box_bottom,24.52,bull,0.45,-1.16,true,-6.08,-3.37,false,-3.75,-6.41,true
WY,2026-02-27,box_bottom,24.53,bear,-0.12,-1.98,true,-4.36,-3.45,false,-2.73,-7.57,true
WY,2026-03-02,box_bottom,24.62,bear,-0.69,-1.18,true,-3.61,-2.53,false,-1.38,-7.93,true
WY,2026-05-12,box_bottom,23.45,bull,-2.39,-0.60,false,4.52,1.66,true,3.03,-1.73,true
WY,2026-05-14,box_bottom,23.35,bull,0.73,-0.73,true,4.97,1.11,true,6.42,-0.86,true
WY,2026-05-18,box_bottom,22.87,bull,4.15,1.62,true,6.65,2.83,true,8.40,1.58,true
WY,2026-05-19,box_bottom,22.89,bull,7.08,2.28,true,6.90,2.80,true,6.29,0.99,true
WYNN,2026-01-08,box_bottom,118.27,bull,-0.76,0.40,false,-3.99,-0.04,false,-0.26,0.16,false
WYNN,2026-01-14,box_bottom,116.88,bull,-1.56,-0.20,false,-6.82,0.53,false,-7.73,-1.32,false
WYNN,2026-07-06,box_bottom,95.89,bull,1.29,-0.28,true,0.00,0.00,false,0.00,0.00,false
WYNN,2026-07-07,box_bottom,96.35,bull,-0.47,0.55,false,0.00,0.00,false,0.00,0.00,false
XEL,2025-12-12,box_bottom,75.15,bull,-3.30,-0.17,false,-1.37,0.89,false,-0.28,1.76,false
XEL,2025-12-22,box_bottom,73.85,bull,0.46,0.32,true,-0.85,0.69,false,2.72,0.61,true
XEL,2026-03-24,box_bottom,77.96,bear,1.90,-0.43,true,4.49,3.50,true,0.19,8.88,false
XEL,2026-03-25,box_bottom,77.70,bear,2.59,-0.24,true,6.53,3.52,true,2.29,7.86,false
XEL,2026-03-26,box_bottom,77.93,bear,3.61,1.66,true,5.71,5.33,true,1.57,10.67,false
XYL,2025-11-21,box_bottom,140.39,bear,-0.70,3.22,false,-1.47,3.73,false,-0.91,3.91,false
XYL,2026-05-05,box_bottom,116.39,bull,-4.17,1.99,false,-8.63,1.38,false,-5.76,4.21,false
ZBH,2025-12-22,box_bottom,89.80,bull,1.10,0.32,true,3.20,0.69,true,-2.52,0.61,false
ZBRA,2026-05-12,squeeze_breakout,241.79,bull,2.22,-0.60,true,4.43,1.66,true,-10.34,-1.73,false
ZTS,2026-03-24,box_bottom,115.93,bear,1.97,-0.43,true,3.30,3.50,false,1.37,8.88,false
